"id","operation","program_name","program_number","version","update_date"
44,34,"MMM3-213301840171-OP20","CMSERCPV","1.0","2025-02-09 15:45:43.795229"
45,35,"CNCM-213301840171-OP50","UKSMB7PE","1.0","2025-02-03 15:45:43.795229"
46,36,"QFAB-213301840171-OP80","B62EVVS4","1.0","2025-01-30 15:45:43.795229"
47,37,"NEWC-213301840171-OP60","RZBA3MKZ","1.0","2025-01-28 15:45:43.795229"
48,38,"CNCM-213301840171-OP40","506SFCXF","1.0","2025-02-04 15:45:43.795229"
49,39,"MMC1-213301840171-OP10","ZTAQVWBN","1.0","2025-02-07 15:45:43.795229"
50,40,"CNCM-213301840171-OP30","KH84PD81","1.0","2025-01-25 15:45:43.795229"
51,41,"QFAB-213301840171-OP90","BMDWL1DL","1.0","2025-02-04 15:45:43.795229"
52,42,"SMFD-213301840171-OP70","AQUB6T6O","1.0","2025-02-09 15:45:43.795229"
